{"solver":"cuPDLP-C","nIter":1600,"nAtyCalls":1706,"nAxCalls":1706,"dSolvingBeg":1667975330.588795,"dSolvingTime":560.406390,"dPresolveTime":0.000000,"dScalingTime":5.470093,"dPrimalObj":-282.95791044664259,"dDualObj":-283.12613415578346,"dPrimalFeas":0.00474432060115,"dDualFeas":0.00000000000000,"dPrimalObjAverage":-282.96145558293580,"dDualObjAverage":-283.00281370150162,"dPrimalFeasAverage":0.00096422988466,"dDualFeasAverage":0.00000000000000,"dDualityGap":0.16822370914088,"dDualityGapAverage":0.04135811856582,"dRelPrimalFeas":0.00000233983877,"dRelDualFeas":0.00000000000000,"dRelDualityGap":0.00007294660494,"terminationCode":"OPTIMAL","terminationIterate":"AVERAGE_ITERATE","primalCode":"FEASIBLE","dualCode":"FEASIBLE","terminationInfeasIterate":"LAST_ITERATE"}