{"solver":"cuPDLP-C","nIter":200,"nAtyCalls":217,"nAxCalls":217,"dSolvingBeg":1667969906.180436,"dSolvingTime":0.001214,"dPresolveTime":0.000000,"dScalingTime":0.000113,"dPrimalObj":-464.75090930055927,"dDualObj":-464.83139495672538,"dPrimalFeas":0.02689791701126,"dDualFeas":0.00003973963656,"dPrimalObjAverage":-464.78299453801287,"dDualObjAverage":-464.74799241795961,"dPrimalFeasAverage":0.02108807904261,"dDualFeasAverage":0.00001891595234,"dDualityGap":0.08048565616610,"dDualityGapAverage":-0.03500212005326,"dRelPrimalFeas":0.00003209164551,"dRelDualFeas":0.00000359877369,"dRelDualityGap":0.00008648956229,"terminationCode":"OPTIMAL","terminationIterate":"LAST_ITERATE","primalCode":"FEASIBLE","dualCode":"FEASIBLE","terminationInfeasIterate":"LAST_ITERATE"}