{"solver":"cuPDLP-C","nIter":480,"nAtyCalls":504,"nAxCalls":504,"dSolvingBeg":1667976245.010152,"dSolvingTime":20.919300,"dPresolveTime":0.000000,"dScalingTime":0.509185,"dPrimalObj":256.00031658510886,"dDualObj":255.96969713000539,"dPrimalFeas":0.00149040381591,"dDualFeas":0.00000000000000,"dPrimalObjAverage":256.00008133762049,"dDualObjAverage":255.89235067693727,"dPrimalFeasAverage":0.00067759660211,"dDualFeasAverage":0.00000000000000,"dDualityGap":0.03061945510348,"dDualityGapAverage":0.10773066068322,"dRelPrimalFeas":0.00006302051238,"dRelDualFeas":0.00000000000000,"dRelDualityGap":0.00005969053606,"terminationCode":"OPTIMAL","terminationIterate":"LAST_ITERATE","primalCode":"FEASIBLE","dualCode":"FEASIBLE","terminationInfeasIterate":"LAST_ITERATE"}