{"solver":"cuPDLP-C","nIter":280,"nAtyCalls":303,"nAxCalls":303,"dSolvingBeg":1667991524.009605,"dSolvingTime":8.420740,"dPresolveTime":0.000000,"dScalingTime":0.488821,"dPrimalObj":100.00010495361811,"dDualObj":99.95879451083408,"dPrimalFeas":0.00035197348181,"dDualFeas":0.00000000000000,"dPrimalObjAverage":99.99995875178060,"dDualObjAverage":99.99095235496334,"dPrimalFeasAverage":0.00033293135334,"dDualFeasAverage":0.00000000000000,"dDualityGap":0.04131044278402,"dDualityGapAverage":0.00900639681726,"dRelPrimalFeas":0.00002198708040,"dRelDualFeas":0.00000000000000,"dRelDualityGap":0.00004480997060,"terminationCode":"OPTIMAL","terminationIterate":"AVERAGE_ITERATE","primalCode":"FEASIBLE","dualCode":"FEASIBLE","terminationInfeasIterate":"LAST_ITERATE"}