{"solver":"cuPDLP-C","nIter":80,"nAtyCalls":94,"nAxCalls":94,"dSolvingBeg":1667981063.470164,"dSolvingTime":3.987200,"dPresolveTime":0.000000,"dScalingTime":0.578559,"dPrimalObj":-300.00000000000000,"dDualObj":-300.03174181001833,"dPrimalFeas":0.13986056657398,"dDualFeas":0.00000000000000,"dPrimalObjAverage":-299.99999999999994,"dDualObjAverage":-300.01999063475381,"dPrimalFeasAverage":0.03610845991844,"dDualFeasAverage":0.00000000000000,"dDualityGap":0.03174181001833,"dDualityGapAverage":0.01999063475387,"dRelPrimalFeas":0.00006005565579,"dRelDualFeas":0.00000000000000,"dRelDualityGap":0.00003326118110,"terminationCode":"OPTIMAL","terminationIterate":"AVERAGE_ITERATE","primalCode":"FEASIBLE","dualCode":"FEASIBLE","terminationInfeasIterate":"LAST_ITERATE"}