{"solver":"cuPDLP-C","nIter":53400,"nAtyCalls":55104,"nAxCalls":55104,"dSolvingBeg":1667991993.697515,"dSolvingTime":738.947009,"dPresolveTime":0.000001,"dScalingTime":0.263178,"dPrimalObj":2454379.08849699283019,"dDualObj":2454340.84958470612764,"dPrimalFeas":0.19580786584839,"dDualFeas":0.03968090320750,"dPrimalObjAverage":2454381.80980415223166,"dDualObjAverage":2454372.77203616267070,"dPrimalFeasAverage":0.13405334331451,"dDualFeasAverage":0.01256698133245,"dDualityGap":38.23891228670254,"dDualityGapAverage":9.03776798956096,"dRelPrimalFeas":0.00000327066942,"dRelDualFeas":0.00009996989458,"dRelDualityGap":0.00000184115258,"terminationCode":"OPTIMAL","terminationIterate":"AVERAGE_ITERATE","primalCode":"FEASIBLE","dualCode":"FEASIBLE","terminationInfeasIterate":"LAST_ITERATE"}