{"solver":"cuPDLP-C","nIter":840,"nAtyCalls":873,"nAxCalls":873,"dSolvingBeg":1667975191.674860,"dSolvingTime":44.037571,"dPresolveTime":0.000000,"dScalingTime":0.862386,"dPrimalObj":0.00000000000000,"dDualObj":-0.00166158852269,"dPrimalFeas":3.07273108308240,"dDualFeas":0.00062695326913,"dPrimalObjAverage":0.00000000000000,"dDualObjAverage":-0.00000958224355,"dPrimalFeasAverage":0.11542492634846,"dDualFeasAverage":0.00000327155149,"dDualityGap":0.00166158852269,"dDualityGapAverage":0.00000958224355,"dRelPrimalFeas":0.00000061683793,"dRelDualFeas":0.00000163577574,"dRelDualityGap":0.00000958215174,"terminationCode":"OPTIMAL","terminationIterate":"AVERAGE_ITERATE","primalCode":"FEASIBLE","dualCode":"FEASIBLE","terminationInfeasIterate":"LAST_ITERATE"}