{"solver":"cuPDLP-C","nIter":10280,"nAtyCalls":10641,"nAxCalls":10641,"dSolvingBeg":1667982476.312442,"dSolvingTime":1017.947401,"dPresolveTime":0.000001,"dScalingTime":2.959463,"dPrimalObj":0.05257792113979,"dDualObj":0.05205481285864,"dPrimalFeas":0.00001949795910,"dDualFeas":0.00000000000000,"dPrimalObjAverage":0.05257444631181,"dDualObjAverage":0.05249868834606,"dPrimalFeasAverage":0.00000196327496,"dDualFeasAverage":0.00000000000000,"dDualityGap":0.00052310828115,"dDualityGapAverage":0.00007575796575,"dRelPrimalFeas":0.00000000361542,"dRelDualFeas":0.00000000000000,"dRelDualityGap":0.00006855470771,"terminationCode":"OPTIMAL","terminationIterate":"AVERAGE_ITERATE","primalCode":"FEASIBLE","dualCode":"FEASIBLE","terminationInfeasIterate":"LAST_ITERATE"}