{"solver":"cuPDLP-C","nIter":8440,"nAtyCalls":8992,"nAxCalls":8992,"dSolvingBeg":1667990100.192645,"dSolvingTime":455.078565,"dPresolveTime":0.000000,"dScalingTime":1.238277,"dPrimalObj":179.49747269414183,"dDualObj":179.46563781046873,"dPrimalFeas":0.01086092617498,"dDualFeas":0.00000000000000,"dPrimalObjAverage":179.50137143304809,"dDualObjAverage":179.46614178793067,"dPrimalFeasAverage":0.00423100212686,"dDualFeasAverage":0.00000000000000,"dDualityGap":0.03183488367310,"dDualityGapAverage":0.03522964511743,"dRelPrimalFeas":0.00003500073342,"dRelDualFeas":0.00000000000000,"dRelDualityGap":0.00008843929487,"terminationCode":"OPTIMAL","terminationIterate":"LAST_ITERATE","primalCode":"FEASIBLE","dualCode":"FEASIBLE","terminationInfeasIterate":"LAST_ITERATE"}