{"solver":"cuPDLP-C","nIter":1120,"nAtyCalls":1189,"nAxCalls":1189,"dSolvingBeg":1667976181.712835,"dSolvingTime":51.487562,"dPresolveTime":0.000000,"dScalingTime":0.626811,"dPrimalObj":27773.70104226500189,"dDualObj":27777.29001138335661,"dPrimalFeas":1518.57498780039941,"dDualFeas":0.00001233004908,"dPrimalObjAverage":27777.55757422428360,"dDualObjAverage":27779.94962217174179,"dPrimalFeasAverage":8.86070417334323,"dDualFeasAverage":0.00001480888347,"dDualityGap":-3.58896911835473,"dDualityGapAverage":-2.39204794745820,"dRelPrimalFeas":0.00000088607033,"dRelDualFeas":0.00000113914488,"dRelDualityGap":0.00004305457558,"terminationCode":"OPTIMAL","terminationIterate":"AVERAGE_ITERATE","primalCode":"FEASIBLE","dualCode":"FEASIBLE","terminationInfeasIterate":"LAST_ITERATE"}