{"solver":"cuPDLP-C","nIter":200258,"nAtyCalls":205277,"nAxCalls":205277,"dSolvingBeg":1667985641.821139,"dSolvingTime":3600.005427,"dPresolveTime":0.000001,"dScalingTime":0.596122,"dPrimalObj":-2.21826128183463,"dDualObj":-49314.21765995515307,"dPrimalFeas":20.22660854739861,"dDualFeas":0.00000000000308,"dPrimalObjAverage":-2.21826173769769,"dDualObjAverage":-45506.07760736969794,"dPrimalFeasAverage":20.23996280246148,"dDualFeasAverage":0.00000000000271,"dDualityGap":49311.99939867331705,"dDualityGapAverage":45503.85934563200135,"dRelPrimalFeas":0.00000004080428,"dRelDualFeas":0.00000000000003,"dRelDualityGap":0.99988976469555,"terminationCode":"TIMELIMIT_OR_ITERLIMIT","terminationIterate":"LAST_ITERATE","primalCode":"FEASIBLE","dualCode":"FEASIBLE","terminationInfeasIterate":"LAST_ITERATE"}