{"solver":"cuPDLP-C","nIter":800,"nAtyCalls":833,"nAxCalls":833,"dSolvingBeg":1667975894.352180,"dSolvingTime":3.035192,"dPresolveTime":0.000000,"dScalingTime":0.049738,"dPrimalObj":214.05773363974762,"dDualObj":213.98796529279400,"dPrimalFeas":0.00083370358518,"dDualFeas":0.00000000000000,"dPrimalObjAverage":214.00764329143166,"dDualObjAverage":213.99714543447791,"dPrimalFeasAverage":0.00010869734789,"dDualFeasAverage":0.00000000000000,"dDualityGap":0.06976834695362,"dDualityGapAverage":0.01049785695375,"dRelPrimalFeas":0.00002173946958,"dRelDualFeas":0.00000000000000,"dRelDualityGap":0.00002447025588,"terminationCode":"OPTIMAL","terminationIterate":"AVERAGE_ITERATE","primalCode":"FEASIBLE","dualCode":"FEASIBLE","terminationInfeasIterate":"LAST_ITERATE"}