{"solver":"cuPDLP-C","nIter":2480,"nAtyCalls":2554,"nAxCalls":2554,"dSolvingBeg":1667983496.885385,"dSolvingTime":6.870708,"dPresolveTime":0.000000,"dScalingTime":0.035229,"dPrimalObj":1041.01340419978737,"dDualObj":1041.00289847029512,"dPrimalFeas":0.00110384500890,"dDualFeas":0.06591935946184,"dPrimalObjAverage":1041.00179644130390,"dDualObjAverage":1040.99294671589041,"dPrimalFeasAverage":0.00063688819993,"dDualFeasAverage":0.01893547379284,"dDualityGap":0.01050572949225,"dDualityGapAverage":0.00884972541348,"dRelPrimalFeas":0.00009832731507,"dRelDualFeas":0.00000539467830,"dRelDualityGap":0.00000424855869,"terminationCode":"OPTIMAL","terminationIterate":"AVERAGE_ITERATE","primalCode":"FEASIBLE","dualCode":"FEASIBLE","terminationInfeasIterate":"LAST_ITERATE"}