{"solver":"cuPDLP-C","nIter":14555,"nAtyCalls":15115,"nAxCalls":15115,"dSolvingBeg":1667996683.195651,"dSolvingTime":3600.056294,"dPresolveTime":0.000000,"dScalingTime":3.455526,"dPrimalObj":1054.02948889529807,"dDualObj":1054.05859344025612,"dPrimalFeas":0.04241632237574,"dDualFeas":0.00899239156925,"dPrimalObjAverage":1054.01585030115075,"dDualObjAverage":1054.05797372343136,"dPrimalFeasAverage":0.05067678976943,"dDualFeasAverage":0.00744524481459,"dDualityGap":-0.02910454495805,"dDualityGapAverage":-0.04212342228061,"dRelPrimalFeas":0.00063829754288,"dRelDualFeas":0.00000440018597,"dRelDualityGap":0.00001379958723,"terminationCode":"TIMELIMIT_OR_ITERLIMIT","terminationIterate":"LAST_ITERATE","primalCode":"FEASIBLE","dualCode":"FEASIBLE","terminationInfeasIterate":"LAST_ITERATE"}