{"solver":"cuPDLP-C","nIter":120342,"nAtyCalls":123363,"nAxCalls":123363,"dSolvingBeg":1667993038.157007,"dSolvingTime":3600.007418,"dPresolveTime":0.000000,"dScalingTime":0.373650,"dPrimalObj":-207.04288484749893,"dDualObj":-206.77460304620391,"dPrimalFeas":0.02743311808573,"dDualFeas":0.00000000000000,"dPrimalObjAverage":-206.88190951127859,"dDualObjAverage":-206.69218921594893,"dPrimalFeasAverage":0.02378792680799,"dDualFeasAverage":0.00000000000000,"dDualityGap":-0.26828180129502,"dDualityGapAverage":-0.18972029532966,"dRelPrimalFeas":0.00051416632157,"dRelDualFeas":0.00000000000000,"dRelDualityGap":0.00064674660332,"terminationCode":"TIMELIMIT_OR_ITERLIMIT","terminationIterate":"LAST_ITERATE","primalCode":"FEASIBLE","dualCode":"FEASIBLE","terminationInfeasIterate":"LAST_ITERATE"}