{"solver":"cuPDLP-C","nIter":14280,"nAtyCalls":14768,"nAxCalls":14768,"dSolvingBeg":1667991542.259610,"dSolvingTime":445.150685,"dPresolveTime":0.000001,"dScalingTime":0.587808,"dPrimalObj":-5041.91378690962756,"dDualObj":-5042.77219830650301,"dPrimalFeas":5.24469319491772,"dDualFeas":0.00000000000000,"dPrimalObjAverage":-5042.10356589697312,"dDualObjAverage":-5042.79609814455398,"dPrimalFeasAverage":8.40445145076854,"dDualFeasAverage":0.00000000000000,"dDualityGap":0.85841139687545,"dDualityGapAverage":0.69253224758086,"dRelPrimalFeas":0.00008511378226,"dRelDualFeas":0.00000000000000,"dRelDualityGap":0.00008511185041,"terminationCode":"OPTIMAL","terminationIterate":"LAST_ITERATE","primalCode":"FEASIBLE","dualCode":"FEASIBLE","terminationInfeasIterate":"LAST_ITERATE"}