{"solver":"cuPDLP-C","nIter":6360,"nAtyCalls":6580,"nAxCalls":6580,"dSolvingBeg":1667975911.470300,"dSolvingTime":260.594527,"dPresolveTime":0.000001,"dScalingTime":0.647482,"dPrimalObj":-0.38646224745902,"dDualObj":-0.42143324841080,"dPrimalFeas":0.69063232614348,"dDualFeas":0.00000000000000,"dPrimalObjAverage":-0.38848399821642,"dDualObjAverage":-0.38840483289518,"dPrimalFeasAverage":0.71293600036456,"dDualFeasAverage":0.00000000000000,"dDualityGap":0.03497100095178,"dDualityGapAverage":-0.00007916532124,"dRelPrimalFeas":0.00000339715463,"dRelDualFeas":0.00000000000000,"dRelDualityGap":0.00004455277103,"terminationCode":"OPTIMAL","terminationIterate":"AVERAGE_ITERATE","primalCode":"FEASIBLE","dualCode":"FEASIBLE","terminationInfeasIterate":"LAST_ITERATE"}