{"solver":"cuPDLP-C","nIter":560,"nAtyCalls":588,"nAxCalls":588,"dSolvingBeg":1667983518.435447,"dSolvingTime":32.667013,"dPresolveTime":0.000000,"dScalingTime":0.755852,"dPrimalObj":217.34648502710388,"dDualObj":217.36490586787841,"dPrimalFeas":0.03580393674598,"dDualFeas":0.00010905079326,"dPrimalObjAverage":217.44056122300228,"dDualObjAverage":217.40360854119353,"dPrimalFeasAverage":0.00156133047340,"dDualFeasAverage":0.00038087316845,"dDualityGap":-0.01842084077452,"dDualityGapAverage":0.03695268180874,"dRelPrimalFeas":0.00002477335903,"dRelDualFeas":0.00000005705829,"dRelDualityGap":0.00004227762037,"terminationCode":"OPTIMAL","terminationIterate":"LAST_ITERATE","primalCode":"FEASIBLE","dualCode":"FEASIBLE","terminationInfeasIterate":"LAST_ITERATE"}