{"solver":"cuPDLP-C","nIter":1360,"nAtyCalls":1421,"nAxCalls":1421,"dSolvingBeg":1667983589.497553,"dSolvingTime":342.796256,"dPresolveTime":0.000001,"dScalingTime":2.310113,"dPrimalObj":413.78113616835225,"dDualObj":413.56286175304211,"dPrimalFeas":0.00522717427796,"dDualFeas":0.00000000000000,"dPrimalObjAverage":413.78218479239831,"dDualObjAverage":413.70489768030870,"dPrimalFeasAverage":0.00275746092145,"dDualFeasAverage":0.00000000000000,"dDualityGap":0.21827441531013,"dDualityGapAverage":0.07728711208961,"dRelPrimalFeas":0.00003845258466,"dRelDualFeas":0.00000000000000,"dRelDualityGap":0.00009328704542,"terminationCode":"OPTIMAL","terminationIterate":"AVERAGE_ITERATE","primalCode":"FEASIBLE","dualCode":"FEASIBLE","terminationInfeasIterate":"LAST_ITERATE"}