{"solver":"cuPDLP-C","nIter":20200,"nAtyCalls":20717,"nAxCalls":20717,"dSolvingBeg":1667979338.190611,"dSolvingTime":1610.525007,"dPresolveTime":0.000001,"dScalingTime":1.612113,"dPrimalObj":3.79463643390096,"dDualObj":3.79414013430748,"dPrimalFeas":0.00001562478484,"dDualFeas":3.07741738732198,"dPrimalObjAverage":3.82844371433766,"dDualObjAverage":3.89742915194747,"dPrimalFeasAverage":0.00000913055258,"dDualFeasAverage":4.45605169218281,"dDualityGap":0.00049629959348,"dDualityGapAverage":-0.06898543760981,"dRelPrimalFeas":0.00000781239242,"dRelDualFeas":0.00005909965859,"dRelDualityGap":0.00005778466695,"terminationCode":"OPTIMAL","terminationIterate":"LAST_ITERATE","primalCode":"FEASIBLE","dualCode":"FEASIBLE","terminationInfeasIterate":"LAST_ITERATE"}