{"solver":"cuPDLP-C","nIter":7480,"nAtyCalls":7752,"nAxCalls":7752,"dSolvingBeg":1667982168.630340,"dSolvingTime":264.831868,"dPresolveTime":0.000001,"dScalingTime":0.353280,"dPrimalObj":481.81167674536761,"dDualObj":481.74367868674506,"dPrimalFeas":0.00742375318987,"dDualFeas":0.00000000000000,"dPrimalObjAverage":481.74978863852783,"dDualObjAverage":481.74260564797197,"dPrimalFeasAverage":0.00479330262610,"dDualFeasAverage":0.00000000000000,"dDualityGap":0.06799805862255,"dDualityGapAverage":0.00718299055586,"dRelPrimalFeas":0.00009890076892,"dRelDualFeas":0.00000000000000,"dRelDualityGap":0.00000744743100,"terminationCode":"OPTIMAL","terminationIterate":"AVERAGE_ITERATE","primalCode":"FEASIBLE","dualCode":"FEASIBLE","terminationInfeasIterate":"LAST_ITERATE"}