{"solver":"cuPDLP-C","nIter":19200,"nAtyCalls":19751,"nAxCalls":19751,"dSolvingBeg":1667974879.881726,"dSolvingTime":297.166007,"dPresolveTime":0.000000,"dScalingTime":0.233971,"dPrimalObj":3.38392356927423,"dDualObj":3.38319468807697,"dPrimalFeas":0.00017020267280,"dDualFeas":0.00000000000000,"dPrimalObjAverage":3.38392859864859,"dDualObjAverage":3.38234636412729,"dPrimalFeasAverage":0.00012355907132,"dDualFeasAverage":0.00000000000000,"dDualityGap":0.00072888119726,"dDualityGapAverage":0.00158223452129,"dRelPrimalFeas":0.00000051919869,"dRelDualFeas":0.00000000000000,"dRelDualityGap":0.00009384190804,"terminationCode":"OPTIMAL","terminationIterate":"LAST_ITERATE","primalCode":"FEASIBLE","dualCode":"FEASIBLE","terminationInfeasIterate":"LAST_ITERATE"}