{"solver":"cuPDLP-C","nIter":800,"nAtyCalls":832,"nAxCalls":832,"dSolvingBeg":1667979267.843658,"dSolvingTime":49.027698,"dPresolveTime":0.000000,"dScalingTime":0.960469,"dPrimalObj":0.00000000000000,"dDualObj":-0.01283890290463,"dPrimalFeas":0.05100142702671,"dDualFeas":0.00000000000000,"dPrimalObjAverage":0.00000000000000,"dDualObjAverage":-0.00008321688978,"dPrimalFeasAverage":0.00100411879469,"dDualFeasAverage":0.00000000000000,"dDualityGap":0.01283890290463,"dDualityGapAverage":0.00008321688978,"dRelPrimalFeas":0.00000257915565,"dRelDualFeas":0.00000000000000,"dRelDualityGap":0.00008320996531,"terminationCode":"OPTIMAL","terminationIterate":"AVERAGE_ITERATE","primalCode":"FEASIBLE","dualCode":"FEASIBLE","terminationInfeasIterate":"LAST_ITERATE"}